[
  {
    "id": "gid://shopify/Product/8010693115997",
    "title": "Test-Product-1",
    "handle": "test-product-1",
    "status": "ACTIVE",
    "featuredImage": null,
    "priceRangeV2": {
      "minVariantPrice": {
        "amount": "0.0",
        "currencyCode": "USD"
      }
    }
  },
  {
    "id": "gid://shopify/Product/8010693148765",
    "title": "Test-product-2",
    "handle": "test-product-2",
    "status": "ACTIVE",
    "featuredImage": null,
    "priceRangeV2": {
      "minVariantPrice": {
        "amount": "0.0",
        "currencyCode": "USD"
      }
    }
  },
  {
    "id": "gid://shopify/Product/8010693181533",
    "title": "Test-Product-3",
    "handle": "test-product-3",
    "status": "ACTIVE",
    "featuredImage": null,
    "priceRangeV2": {
      "minVariantPrice": {
        "amount": "0.0",
        "currencyCode": "USD"
      }
    }
  }
]
